<extension version="3.9" type="plugin" method="upgrade" group="j2store">
    <name>Flutterwave Payment - J2Store</name>
    <author>Sadick Sessah-Odai</author>
    <creationDate>July 2024</creationDate>
    <authorEmail>hello@sadickodai.net</authorEmail>
    <authorUrl>https://sadickodai.net</authorUrl>
    <copyright>2024 @ INCREGhana (INCRESOFT)</copyright>
    <license>GNU/GPL</license>
    <version>1.0.0</version>
    <description>Flutterwave payment plugin for J2Store</description>

    <files>
        <filename plugin="payment_flutterwave">payment_flutterwave.php</filename>
        <filename>index.html</filename>
        <folder>payment_flutterwave</folder>
        <filename>language/en-GB/en-GB.plg_j2store_payment_flutterwave.ini</filename>
        <filename>language/en-GB/en-GB.plg_j2store_payment_flutterwave.sys.ini</filename>
    </files>

    <config>
        <fields name="params">
            <fieldset name="basic">
                <field name="display_name" type="text" size="30" default="Flutterwave" label="Display Name" description="Display name for the payment method"/>
                <field name="display_image" type="media" label="Business Logo" description="Upload a business logo"/>
                <field type="spacer"/>
                <field name="public_key" type="text" label="Public Key" description="Your Flutterwave Public Key"/>
                <field name="secret_key" type="text" label="Secret Key" description="Your Flutterwave Secret Key"/>
                <field name="live_mode" type="radio" label="Live Mode" description="Select whether to use live or test mode" default="0">
                    <option value="0">Test</option>
                    <option value="1">Live</option>
                </field>
                <field type="spacer"/>
                <field name="button_text" type="text" size="50" default="Place Order" label="Button Text" description="Text to display on the place order button"/>
                <field name="articleid" type="text" size="10" default="" label="Thank You Article ID" description="ID of the article to display for thank you message"/>
                <field name="geozone_id" type="geozonelist" default="" label="Geozone" description="Geozone for the payment method" addfieldpath="/administrator/components/com_j2store/models/fields"/>
            </fieldset>
        </fields>
    </config>
</extension>
